{
  "project_info": {
    "project_number": "598095708708",
    "firebase_url": "https://chaton-38882.firebaseio.com",
    "project_id": "chaton-38882",
    "storage_bucket": "chaton-38882.appspot.com"
  },
  "client": [
    {
      "client_info": {
        "mobilesdk_app_id": "1:598095708708:android:55bc6dbe6ebf43b5",
        "android_client_info": {
          "package_name": "com.example.arijit.chaton"
        }
      },
      "oauth_client": [
        {
          "client_id": "598095708708-5r26n37402hlh8aei6g20bm7gqin4ajh.apps.googleusercontent.com",
          "client_type": 3
        }
      ],
      "api_key": [
        {
          "current_key": "AIzaSyBNgW_3XyBQjlQcTbJR3xnELBxLYqc13NM"
        }
      ],
      "services": {
        "analytics_service": {
          "status": 1
        },
        "appinvite_service": {
          "status": 1,
          "other_platform_oauth_client": []
        },
        "ads_service": {
          "status": 2
        }
      }
    }
  ],
  "configuration_version": "1"
}